title,url,img
차귀도 여행,https://blog.naver.com/wowjejusi/223032235701,https://search.pstatic.net/common?src=http%3A%2F%2Fblogfiles.naver.net%2FMjAyMzAzMDJfMjUw%2FMDAxNjc3NzIwODIxNTgw.OZDJUWoxBGv-mDzIqipAEIc84L1I7Brv_pM03--WH8gg.e7B9iUKHMqyQX1fmFbzcGbkMuzWYK3jsXPAXX3E7qr8g.JPEG.wowjejusi%2F%25EC%25B0%25A8%25EA%25B7%2580%25EB%258F%258409.jpg%2F%EF%A7%A1%E2%91%A3%EF%BF%BD%EF%BF%BD%EB%A3%8409.jpg%2F560x746&type=f318_194_domesearch
마지막 겨울의 끝자락에서 오르는 <원물오름>,https://blog.naver.com/happyjejudo/223030669641,https://search.pstatic.net/common?src=http%3A%2F%2Fblogfiles.naver.net%2FMjAyMzAyMjhfMjQy%2FMDAxNjc3NTcwOTQ3MDY0.HBK8BzT4tCTc7eF6Q1AblLsmzhzqE3q8roqH2wJb0Ikg.mVqA9v1bz0AdHXxTCLJAlPB8DXS_3Pk7F8m5INIwf1Mg.JPEG.happyjejudo%2FIMG_2519.JPG%2F4032x3024&type=f318_194_domesearch
"민물과 바닷물이 만나는 절경, 효돈동 쇠소깍을 소개합니다!",https://blog.naver.com/seogwipo-si/223030620625,https://search.pstatic.net/common?src=http%3A%2F%2Fblogfiles.naver.net%2FMjAyMzAyMjhfMjI1%2FMDAxNjc3NTcwODg0NjMx.MV256nwVudy3-A7OT7kfnO7jXUlro-5jEAoc9pogaxwg.t4GaXyHDrjI3ncDHNuBCdCoMAgonQcQrRMJDZ0vwkbsg.JPEG.seogwipo-si%2FKakaoTalk_20230221_101744346_03.jpg%2F4032x2268&type=f318_194_domesearch
아름답게 어우러진 색다른 매력의 <효돈천>,https://post.naver.com/viewer/postView.nhn?memberNo=23264882&volumeNo=35545025,https://search.pstatic.net/common?src=http%3A%2F%2Fpost.phinf.naver.net%2FMjAyMzAyMjdfMTY5%2FMDAxNjc3NDc5Njk5NDc3.r3hnxdIZ76I3E6bEKA52L7e3wdpbxFZdK2KDebooUkgg.HbU6pyXzsWwvmnQHtDIsvpwBJqHswrTiqvhH3b6tqaEg.PNG%2FIpM6KOeMR84eVTfqk1_VfnKMJyzA&type=f318_194_domesearch
고즈넉하고 여유로움을 풍기는 <제지기오름>,https://blog.naver.com/happyjejudo/223026458974,https://search.pstatic.net/common?src=http%3A%2F%2Fblogfiles.naver.net%2FMjAyMzAyMjRfMjg4%2FMDAxNjc3MTk4NTIxOTc1.GbHnZqGMDsy8TWiKNbe1Me8w34UBWtu185DuBzJDLaUg.RA8VRKVb-hMJMZuWQ5hcf67S_zxsNrDUTKw4ozZ6X2Ug.JPEG.happyjejudo%2FDJI_0004.JPG%2F4000x2250&type=f318_194_domesearch
제주 계곡 중 가장 아름다운 계곡 <안덕계곡>,https://blog.naver.com/happyjejudo/223026460043,https://search.pstatic.net/common?src=http%3A%2F%2Fblogfiles.naver.net%2FMjAyMzAyMjNfMTAz%2FMDAxNjc3MTI5NzE5NjQ5.TIi3CW2Rm_iZuT7CHmFSE0aAN8Z4Ng-AlhFmOSEy2jog.kXxWOfHNI_Oh6gIIZ7OAm5wQS8KEA4-TkMtRyNxo_FYg.JPEG.happyjejudo%2FIMG_1872.JPG%2F5472x3648&type=f318_194_domesearch
제주 숨은 명소 [서건도],https://blog.naver.com/jtowelcome/222941297625,https://search.pstatic.net/common?src=http%3A%2F%2Fblogfiles.naver.net%2FMjAyMjExMjlfMjIz%2FMDAxNjY5Njk5MTgzOTQ4.u3LO_wOqCqq-fi9lIe2-KM3ZzlbfjZgX1f0nP9BJPiYg.eedSC1QNu2jILfAThGqH7vv8lJSGUx7hUbnxA8Z637Ig.JPEG.jtowelcome%2F4.JPG%2F800x534&type=f318_194_domesearch
제주 여행) 서귀포 가성비 호텔 제주호텔 더엠 디럭스 오션뷰,https://in.naver.com/dssa1020/contents/internal/536170049351744,https://search.pstatic.net/common?src=https%3A%2F%2Fmblogthumb-phinf.pstatic.net%2FMjAyMzAyMThfNzIg%2FMDAxNjc2NzAxMjkwOTE2.3g5zCbQGG53Drl-5uwI62exTaar7Ldx889i0kFEU8ckg.lTgAWoG1_fgm1rxA017zk_6iHVoyHv9CPTqctJREcEog.JPEG.dssa1020%2FIMG_4790.JPG%3Ftype%3Dw800&type=f318_194_domesearch
"제주 서쪽 가볼만 한 곳, 월령리 선인장 군락지",https://blog.naver.com/wowjejusi/223026466590,https://search.pstatic.net/common?src=http%3A%2F%2Fblogfiles.naver.net%2FMjAyMzAyMjRfMjY5%2FMDAxNjc3MjIzMTU5MDQw.Emoo4Qxg1Xeq3hc1XB9ka7TSi9A7qlNNX3M4X1J010wg.984UsyKpHtJd5Ur-u_lCN6N1en_OWSgHOTeqkBKO1ekg.JPEG.wowjejusi%2FDSC08932.JPG%2F6000x4000&type=f318_194_domesearch
제주도 동쪽 명소 전망 좋은 백약이오름,https://post.naver.com/viewer/postView.nhn?memberNo=41739456&volumeNo=35516981,https://search.pstatic.net/common?src=http%3A%2F%2Fpost.phinf.naver.net%2FMjAyMzAyMjJfMTQ4%2FMDAxNjc3MDIyNTc1NDA0.Eb3nXLxNcpRi2cpq6TgniX2_Zn8gpk0qqBJj2bb-YkUg.eTm-4D3OcYQdmfF0jhUTOy1q_e7w6k4tlkDhys5b8gYg.JPEG%2FIBxcpYvABkKOjsRANGylFJTalyDY&type=f318_194_domesearch
"재일교포의 고향을 사랑하는 마음으로 만들어진, 부부등대, 진황등대와 춘지등대",https://blog.naver.com/happyjejudo/223025202441,https://search.pstatic.net/common?src=http%3A%2F%2Fblogfiles.naver.net%2FMjAyMzAyMjNfMTIz%2FMDAxNjc3MTE0NzE5Njcz.83WbYSHz-A7Nrknclf53SLMBTO8ash5S1bRC9VUI7pog.IvoZrQEANNYwMm3YC1-niMa7n7p0kHPZ98A36kLusnEg.PNG.happyjejudo%2F20230219_152124.png%2F900x581&type=f318_194_domesearch
겨울 제주 꼭 가봐야할 하얀세상 ‘1100고지’,https://blog.naver.com/happyjejudo/223025202856,https://search.pstatic.net/common?src=http%3A%2F%2Fblogfiles.naver.net%2FMjAyMzAyMjNfMjMx%2FMDAxNjc3MTE2MDE4MjE5.UizMglA4uJkxCoVIPNcc7fHXc6Lmo6v1guHMy7SVNtsg.lCK1OvuRQJAuUKPkE0IF-BXarZ0BCIX4oV-2i4tZtZIg.PNG.happyjejudo%2Fimage03.png%2F862x862&type=f318_194_domesearch
한라산과 서귀포 시내를 함께 조망할 수 있는 솔오름,https://blog.naver.com/seogwipo-si/223024224207,https://search.pstatic.net/common?src=http%3A%2F%2Fblogfiles.naver.net%2FMjAyMzAyMjFfMTQ3%2FMDAxNjc2OTU1MTEzNzI4.auvMzW7Sp3n_eMTXwuAjqvbBno6pm7ukuXOP69yvueIg.PE0V3kw-tM6ZGBDGLE9K8_WTYxKRw8iWiR7uY824EJIg.JPEG.2023sgp%2F20230201_120313.jpg%2F4000x3000&type=f318_194_domesearch
"제주 도심 속 오름, 광이오름",https://blog.naver.com/happyjejudo/223023888358,https://search.pstatic.net/common?src=http%3A%2F%2Fblogfiles.naver.net%2FMjAyMzAyMjJfMzcg%2FMDAxNjc3MDI1OTcxMzQ0.4XQHx3_bzXra0kzJpJwTT3jdRDRXzkIlKCuxqEZkPL4g.cwvMs3zqm2siNYM-asJtT0xEULnVJMdxB7gNVdp_Phsg.PNG.happyjejudo%2F96317E36-A463-4627-A07C-9D5446F5D8F9.png%2F900x675&type=f318_194_domesearch
제주 산양큰엉곶 제주도 서쪽 가볼만한곳 사진명소 곶자왈,https://blog.naver.com/happyjejudo/223022884305,https://search.pstatic.net/common?src=http%3A%2F%2Fblogfiles.naver.net%2FMjAyMzAyMjFfMjc4%2FMDAxNjc2OTU0MTA3ODY1.xMiYSlTKvA0_Zq39FzgV7Mu58U8hLyRTyp1R-yf4wwkg.6_EKBwJ-DJ9jeImBoMAj1TtdYr8AEV7Utyhu02uRYL0g.PNG.happyjejudo%2FKakaoTalk_20230216_194741015_04.png%2F900x675&type=f318_194_domesearch
진정한 제주의 겨울을 만날 수 있는 노루손이 오름,https://blog.naver.com/wowjejusi/223022010296,https://search.pstatic.net/common?src=http%3A%2F%2Fblogfiles.naver.net%2FMjAyMzAyMjBfMjk0%2FMDAxNjc2ODg3MjY0NzU1.qWfOCuXWSXL8H3V8JI2FiUlQsnHfDC1NQk4Q9kbwopog.eVmmzuB6ISm-NEqzSPq78Ijqe6HszvTxdyOfkv6_Ro8g.JPEG.wowjejusi%2F%EA%B3%A0%EC%83%81%ED%9D%AC%EC%82%AC%EC%A7%84_A.jpg%2F1512x1512&type=f318_194_domesearch
제주도 지질명소 산방산과 용머리해안,https://blog.naver.com/happyjejudo/223017724898,https://search.pstatic.net/common?src=http%3A%2F%2Fblogfiles.naver.net%2FMjAyMzAyMTZfMjY2%2FMDAxNjc2NTE0ODcyMzQ4.KKu7gAgqey6Bj9NQn2iU-aSc5ygVJAUZ3e5IZN094UAg.pECYVYJrM1MCIAjRct8Pks_xL1Tpw_7gbkJae_PwPMQg.PNG.happyjejudo%2FKakaoTalk_20230213_112319440_28.png%2F900x506&type=f318_194_domesearch
"제주도 유일,  바닷길 열리는 '서건도'",https://blog.naver.com/seogwipo-si/223016487676,https://search.pstatic.net/common?src=http%3A%2F%2Fblogfiles.naver.net%2FMjAyMzAxMjZfMTUz%2FMDAxNjc0NjU5NzU4NzAz.OWljs57-_AgzCFW2sLD-cioNh6o2K1rdDUg0TG0n31Ug.UU7iYcUKHsE3jF87zMYWHZaCDPNooMSd7TqtWpNYtCgg.JPEG.2023sgp%2FKakaoTalk_20230124_211445200.jpg%2F900x675&type=f318_194_domesearch
"제주여행 후기 54편 - 제주도 산방산 탄산 야외 온천 : 수영복, 요금, 리얼후기",https://in.naver.com/houself/contents/internal/532962824989952,https://search.pstatic.net/common?src=https%3A%2F%2Fmblogthumb-phinf.pstatic.net%2FMjAyMzAyMTRfMTA0%2FMDAxNjc2Mzc0NDAwMTQz.wWnYK9BzoQDFl0rB8phALoaqnjO-y3na_xkbG2Fu9SUg.l5W_FYTT1w8hBFcWAjkq1gtKPdKku8eh8lBh3Vi0qMYg.JPEG.houself%2F004.jpg%3Ftype%3Dw800&type=f318_194_domesearch
제주 폭포추천 [천제연 폭포] 서귀포 가볼만한곳,https://blog.naver.com/jtowelcome/222941347461,https://search.pstatic.net/common?src=http%3A%2F%2Fblogfiles.naver.net%2FMjAyMjExMjlfODQg%2FMDAxNjY5NzAxMzM4MjU4.yNjYxlO_Pp1gd4052BzFXGZasVse1b2AI4CeLyKHWl8g.MaZpt478S45upk34cw0YbN0fXVZafi9k9PI9lN_QVwsg.JPEG.jtowelcome%2F9.JPG%2F800x534&type=f318_194_domesearch
제주공항 근처 관광지 용두암과 용연계곡 구름다리,https://blog.naver.com/happyjejudo/223015315558,https://search.pstatic.net/common?src=http%3A%2F%2Fblogfiles.naver.net%2FMjAyMzAyMTRfMTQx%2FMDAxNjc2MzM5NTYwNjQ1.y_tXKpDoRkScc-mNl6J1ctcdu5iykHTsbZu_XmMr7D0g.UmGLoaRhZ3KDlxG9obvDT9LKKK36cK2JyZ2db1mmdlMg.PNG.happyjejudo%2FIMG_6137.png%2F600x900&type=f318_194_domesearch
삼성혈 – 제주시내의 안 알려진 숲,https://blog.naver.com/wowjejusi/223015034184,https://search.pstatic.net/common?src=http%3A%2F%2Fblogfiles.naver.net%2F%2FMjAyMzAyMTRfODkg%2FMDAxNjc2MzM1NjQ2OTI3.WyDk6Hb4HN4qdhJ4_ZGbHxs62pyfoiZpXo6kt101Dp8g.aHB7nHE728K9Jrb9PSPf1t6BANoiQbqUROBZqdUT8gMg.JPEG.wowjejusi%2FKakaoTalk_20230213_123245812_09.jpg%2F4032x3024&type=f318_194_domesearch
제주의 시작과 현재가 공존하는 곳 <사근다리오름>,https://post.naver.com/viewer/postView.nhn?memberNo=23264882&volumeNo=35445975,https://search.pstatic.net/common?src=http%3A%2F%2Fpost.phinf.naver.net%2FMjAyMzAyMTNfMjI5%2FMDAxNjc2MjcwMTE4OTQy.CmB36yEtznj9MfeYxNFrp7J9BmYVNSEBVX9cPiP46NIg.3vfXrnf9max7FPavnIlE3e8l_BAJndYsNGYwUGxXsE8g.PNG%2FIlSfdVPL8FwwJCwM8Is2ykMK4Bpg&type=f318_194_domesearch
제주 골프여행 실전편 [제주에코랜드GC 캐슬랙스CC 제주골프렌탈],https://blog.naver.com/jtowelcome/222974839709,https://search.pstatic.net/common?src=http%3A%2F%2Fblogfiles.naver.net%2FMjAyMzAxMDRfMTIg%2FMDAxNjcyODE5MTU4NzY3.DWkkYwcClg-UPSdaR9uQb7bld7fniq4eSmhepvIxpt4g.Ctcan5cLlWlevSmYeTDDTWMImlpRvCVec4sUmV_06_sg.JPEG.jtowelcome%2FHAN00027.JPG%2F5902x3935&type=f318_194_domesearch
보물과 같은 제주의 숲 <서광동리곶자왈>,https://blog.naver.com/happyjejudo/223011625292,https://search.pstatic.net/common?src=http%3A%2F%2Fblogfiles.naver.net%2FMjAyMzAyMTBfMTAx%2FMDAxNjc2MDE0NzQ4NDk4.ChXO3ogU6tsvpHOqkPGckE1IW4k274qBpjFQtX7p7E8g.kARoySemml5rokhXXjdvgwb_UXOtFLv2JJpCsSX_Axsg.JPEG.happyjejudo%2FIMG_9064.JPG%2F5472x3648&type=f318_194_domesearch
제주 교래자연휴양림 곶자왈숲 숙박동은 공사로 임시휴장한다고 합니다,https://tv.naver.com/v/33030589,https://search.pstatic.net/common?src=https%3A%2F%2Fphinf.pstatic.net%2Ftvcast%2F20230210_85%2FTpyH3_1675996102670JjHVl_JPEG%2F1675996100811.jpg&type=f318_194_domesearch
천혜의 제주를 눈에 담을 수 있는 어승생악,https://blog.naver.com/wowjejusi/223011647334,https://search.pstatic.net/common?src=https%3A%2F%2Fvertical.pstatic.net%2Fvertical%2Fstatic%2Ftravelhome%2FarticleThumbnail%2Frc-upload-1676281796797-6.png&type=f318_194_domesearch
제주 오름과 동굴진지,https://blog.naver.com/wowjejusi/223010299471,https://search.pstatic.net/common?src=http%3A%2F%2Fblogfiles.naver.net%2F%2FMjAyMzAyMDlfNTQg%2FMDAxNjc1OTIwOTc0Mzgx.JzrqPvCN4p9mi9R7Z4EVKgG9Xpzzh-paNover9RZ_Asg.4vobiX8IoNm6XPwDs83pLjSfu-u297Xx6ox5kCapquYg.JPEG.wowjejusi%2F12.jpg%2F1440x962&type=f318_194_domesearch
제주여행 후기 53편 - 제주도 가족 여행코스 : 제주 감귤체험 농장 후기,https://in.naver.com/houself/contents/internal/531048265284832,https://search.pstatic.net/common?src=https%3A%2F%2Fmblogthumb-phinf.pstatic.net%2FMjAyMzAyMDlfMTIw%2FMDAxNjc1OTMyNjUwNTk4.wK_iT7hbyp-fdGIGs-mT6At3NCCwMULVXWTVKRrL5hgg.APAo5VttEcWsm96KraNQZmrKupqnAGKUOzB5_6RBPqwg.JPEG.houself%2FA053.jpg%3Ftype%3Dw800&type=f318_194_domesearch
용머리 하멜 상선 전시관 철거 20년 만에 추억 속으로,https://blog.naver.com/seogwipo-si/223008796184,https://search.pstatic.net/common?src=http%3A%2F%2Fblogfiles.naver.net%2FMjAyMzAyMDJfOTgg%2FMDAxNjc1MzM5NTc0ODEx.761drh6N34XAomZYgQ4aldBsKVv4PyJ3rO2g6Jshl0Qg.xHr3UMSpZ8LKosyeNmyAbdpA6nzZJ_SnIQRLP_w8jw0g.JPEG.2023sgp%2F%EA%B8%B0%EC%9E%90%EB%8B%A82%EC%9B%94_04.jpg%2F3000x2000&type=f318_194_domesearch
제주 2월 여행 수선화 볼 수 있는곳 수수한 매력 심쿵,https://tv.naver.com/v/32907754,https://search.pstatic.net/common?src=https%3A%2F%2Fphinf.pstatic.net%2Ftvcast%2F20230206_203%2FIv2AM_167564213780427gJj_JPEG%2F1675642071756.jpg&type=f318_194_domesearch
바다로 떨어지는 정방폭포,https://blog.naver.com/seogwipo-si/223006536518,https://search.pstatic.net/common?src=https%3A%2F%2Fvertical.pstatic.net%2Fvertical%2Fstatic%2Ftravelhome%2FarticleThumbnail%2Frc-upload-1675755997759-11.png&type=f318_194_domesearch
제주 골프투어 초심자편 [마로니에미니골프 행복골프훈련소],https://blog.naver.com/jtowelcome/222974777206,https://search.pstatic.net/common?src=http%3A%2F%2Fblogfiles.naver.net%2FMjAyMzAxMDRfNDAg%2FMDAxNjcyODE1MzI0NDcx.78Xn4qs32BWSsv9Sal16mksuLpkmKTy3EasiCH6AQX8g.pcSa18FujJVRvYMHPYizChjUtCneLdVh0JLqJ9gIMy8g.JPEG.jtowelcome%2F04._%EF%BF%BD%EB%BB%BE%E8%B9%82%EB%93%A6%EB%82%8F%EF%BF%BD%EB%B4%BD%EF%BF%BD%EC%8D%95%EF%BF%BD%EC%A0%B4%EF%BF%BD%EB%83%BC_2.JPG%2F5902x3935&type=f318_194_domesearch
제주 여행) 제주의 사계절을 담은 감성정원 파더스가든,https://in.naver.com/dssa1020/contents/internal/528738338642016,https://search.pstatic.net/common?src=https%3A%2F%2Fmblogthumb-phinf.pstatic.net%2FMjAyMzAyMDJfNTIg%2FMDAxNjc1MzQwNzQ1MzE0.U1bVfIKboncdESv8nXQlTeUk889VkZ53tJN-pIOAg3og.yhBn-hjx5OjxQc2P0w3D9UFdcQAq9oqIWCRumBNPWWAg.JPEG.dssa1020%2FSE-ec9830fb-09e7-44a5-b00a-ab91494ee37a.jpeg%3Ftype%3Dw800&type=f318_194_domesearch
"제주 올레길의 시작, 말미오름과 알오름",https://blog.naver.com/seogwipo-si/223003816341,https://search.pstatic.net/common?src=http%3A%2F%2Fblogfiles.naver.net%2FMjAyMzAxMzBfNTkg%2FMDAxNjc1MDEyNTU4MTM4.rwgVF0Wcr1xC3RUYdOnA6yS3IukL0CbJ38Jvrx4wMt8g._1ReI1_SlCJCIlZFX8YjUhkMbzJ9JabVNEOy-7YDeKIg.JPEG.2023sgp%2F1674886911145.jpg%2F2016x1512&type=f318_194_domesearch
제주 식물원 [여미지 식물원] 제주 중문 가볼만한곳,https://blog.naver.com/jtowelcome/222940492457,https://search.pstatic.net/common?src=http%3A%2F%2Fblogfiles.naver.net%2FMjAyMjExMjhfOTcg%2FMDAxNjY5NjIyMDQxNDg5.w7kB8g22RFYaPRoiomm0pXPh7n8KljlhJfvmkzLN3YAg.K1duz2lqGaeMUPj5ikxIeZIonBKJLMNwEmHwn9o-RKsg.JPEG.jtowelcome%2F3.JPG%2F800x534&type=f318_194_domesearch
제주 관광지 메이즈랜드 입장료 및 운영시간 등 알려드려요,https://tv.naver.com/v/32781806,https://search.pstatic.net/common?src=https%3A%2F%2Fphinf.pstatic.net%2Ftvcast%2F20230201_256%2FWM1D0_1675218562144lDzTP_JPEG%2F1675218444520.jpg&type=f318_194_domesearch
겨울 제주 여행 갈만한곳 제주도 동쪽 코스 추천 볼거리 명소 아쿠아플라넷 유미의세포들,https://tv.naver.com/v/32777437,https://search.pstatic.net/common?src=https%3A%2F%2Fphinf.pstatic.net%2Ftvcast%2F20230201_135%2FGQzJc_1675201219080q3SKW_JPEG%2F96a2fbf4-a1a6-11ed-ba4a-a0369ff83d3c_02.jpg&type=f318_194_domesearch
제주시내를 바라보는 제주 도두봉,https://blog.naver.com/happyjejudo/223000173595,https://search.pstatic.net/common?src=http%3A%2F%2Fblogfiles.naver.net%2F%2FMjAyMzAxMzFfMjg4%2FMDAxNjc1MTI2MjQwMTIz.DKJUMUXh11iKNooDuHuPmQP5JDiWy1ZC-Q4Xzz543Gwg.23LaSJVb61bbPjbNXsLxoaLlv8y9z3NLl4n2KGxDeakg.PNG.happyjejudo%2F%EB%8F%84%EB%91%90%EB%B4%89-62.png%2F900x600&type=f318_194_domesearch
제주유채꽃명소 사진이 예쁘게 나오는 곳 위주로 알려드려요,https://tv.naver.com/v/32730414,https://search.pstatic.net/common?src=https%3A%2F%2Fphinf.pstatic.net%2Ftvcast%2F20230130_2%2FVLg7B_1675059340774gk96t_JPEG%2F1675059318437.jpg&type=f318_194_domesearch
제주 송악산 드론촬영 공개,https://tv.naver.com/v/32722399,https://search.pstatic.net/common?src=https%3A%2F%2Fphinf.pstatic.net%2Ftvcast%2F20230130_114%2FWjW37_1675041260253BlKnn_JPEG%2Fcc9557a7-a03a-11ed-b22a-48df37ae3dc4_03.jpg&type=f318_194_domesearch
"아름다운 풍경과 즐길 거리가 가득한 쇠소깍, 하효쇠소깍해수욕장",https://blog.naver.com/seogwipo-si/222998736150,https://search.pstatic.net/common?src=http%3A%2F%2Fblogfiles.naver.net%2F%2FMjAyMzAxMjVfNzIg%2FMDAxNjc0NjE4NzY3OTg1.rOBsefdLoMnnFUEMmdp17Z_QkHLshCtewRMsjbDuw98g.MYLVE1DFjNLmwG0E4eGfZUOgVnqBdHRxt-G16Cx6HMIg.JPEG.2023sgp%2FIMG_6581.JPG%2F3000x2250&type=f318_194_domesearch
제주 여행 협재해수욕장 일몰 명소 제주도 협재 해변,https://in.naver.com/anndam/contents/internal/526807193933280,https://search.pstatic.net/common?src=https%3A%2F%2Fmblogthumb-phinf.pstatic.net%2FMjAyMzAxMjRfNzQg%2FMDAxNjc0NTQxNzkwMzE4.kQTREMsImnb7AJgBbnn9QcySTL0wu8wglSfVu00qjcIg.ETaX9sAtQAqihaumLsKatgRR1iILqEiyEbRNi9wNZIkg.JPEG.anndam%2FIMG_6522.jpg%3Ftype%3Dw800&type=f318_194_domesearch
제주여행 후기 51편 - 비오는 날 제주도 아이와 실내관광지 가볼만한 곳 : 런닝맨 제주점,https://in.naver.com/houself/contents/internal/526098964202816,https://search.pstatic.net/common?src=https%3A%2F%2Fmblogthumb-phinf.pstatic.net%2FMjAyMzAxMjZfMjYg%2FMDAxNjc0NzM1NTc1ODU4.fKPj3UWABNpuh33VHaNCm9e7bakmKrJ4vbCDBAn68Nwg.wBV0FnEZaEIAunul72PSMiMOHh1G0rztc9RGDo08_AQg.JPEG.houself%2F003.jpg%3Ftype%3Dw800&type=f318_194_domesearch
도심 속 오름 제주 사라봉과 제주 별도봉,https://blog.naver.com/happyjejudo/222994997543,https://search.pstatic.net/common?src=http%3A%2F%2Fblogfiles.naver.net%2FMjAyMzAxMjZfNDYg%2FMDAxNjc0Njk4MTYwODE2.E9LCFRfyMBW35hkECEKi_kAknOjtB01qlM2T89qan-Eg.N6VTR-Fa9zwJ9apMBZR39A5b54-FBfaeJuAGCY_RVp4g.PNG.happyjejudo%2FSE-43dcf27f-d3b0-4da7-816a-bb06c389fda1.png%2F900x600&type=f318_194_domesearch
제주 아기랑숙소 뛰어놀기 좋고 편하게 묵을 수 있는 키즈펜션,https://tv.naver.com/v/32599065,https://search.pstatic.net/common?src=https%3A%2F%2Fphinf.pstatic.net%2Ftvcast%2F20230125_182%2FVk70S_1674605242637s4EcE_JPEG%2F1674605091555.jpg&type=f318_194_domesearch
겨울에 만나는 섭지코지,https://blog.naver.com/happyjejudo/222993343713,https://search.pstatic.net/common?src=http%3A%2F%2Fblogfiles.naver.net%2F%2FMjAyMzAxMjVfMzkg%2FMDAxNjc0NjEwNDc4MzEz.mlffSob6v27UJbyGqCW_QiiANY546b-P7aqz36Dt2qwg.oUe3MnBw12RPduXJu3vvNV4lWECJ0sFodC_WpO8HoDUg.PNG.happyjejudo%2F20220130_155740.png%2F900x675&type=f318_194_domesearch
소천지 올레길 6코스에서 만나는 백두산 천지 축소판 비경,https://blog.naver.com/seogwipo-si/222993268334,https://search.pstatic.net/common?src=http%3A%2F%2Fblogfiles.naver.net%2FMjAyMzAxMjJfMTAz%2FMDAxNjc0Mzg4NTg3MDYz.8kC_Bd-95x5qjO5bdVv3petSqfp0FI6_z5012-Ovxdkg.6Cj1axh985SB3axCxINEGf-n74eJazQXESUyClhXlpUg.JPEG.2023sgp%2F1_2.jpg%2F5516x3678&type=f318_194_domesearch
제주여행 제주공항 근처 가볼만한곳 용두암 볼거리,https://in.naver.com/joyster/contents/internal/525292826080224,https://search.pstatic.net/common?src=https%3A%2F%2Fmblogthumb-phinf.pstatic.net%2FMjAyMzAxMTJfNDEg%2FMDAxNjczNTEwMTk2MzIx.TMdDEcT07EDgsw_kKL3MhSIZv93GMHa9FJR2ZYIUrnkg.jtiQMKTReNtIX5t3j8EkZJAM-NiOTRR9wxBZ8tgzy9gg.JPEG.lsy5088%2F20221111_165311.jpg%2F20221111_165311.jpg%3Ftype%3Dw800&type=f318_194_domesearch
제주도 오름중에 氣(기)세고 좋은 <왕이메오름>,https://blog.naver.com/seogwipo-si/222990345941,https://search.pstatic.net/common?src=http%3A%2F%2Fblogfiles.naver.net%2FMjAyMzAxMjFfMjU0%2FMDAxNjc0MjYyMDU1MzYx.KKkC2ET69iUI-aipK8I-wvKvu1FFPF6JcMbUkbqSpIsg.WROrNJqr2E_RD8YJU4vcO4m4cjk9JxdKEr66_W7tEbkg.JPEG.2023sgp%2F20230119%EF%BC%BF132641.jpg%2F900x675&type=f318_194_domesearch
화산체로 이루어진 절벽 수월봉 차귀도,https://blog.naver.com/happyjejudo/222987848196,https://search.pstatic.net/common?src=http%3A%2F%2Fblogfiles.naver.net%2F%2FMjAyMzAxMThfODEg%2FMDAxNjc0MDA3NDU1NjUx.GnWyMkaFSIpchEQcMsKB11hUlKIqZioN6-BYVZ8MTV8g.JdZhpriB4c5vJKPtWJQp5r6EGpozuNJwc1gF2JZ_chAg.PNG.happyjejudo%2F5.png%2F900x601&type=f318_194_domesearch
위미 동백군락지에 제주동백이 얼마나 피었을까요,https://blog.naver.com/fly_jam/222982566247,https://search.pstatic.net/common?src=http%3A%2F%2Fblogfiles.naver.net%2F%2FMjAyMzAxMTJfMTY5%2FMDAxNjczNTEzNzE3NzM2.VPaFmX2QBK8BBG6C7JBN1qA_6dO3bwgXKQrT1eIVUaUg.VCXw9BJX6bOK5v8P9pqMCJhaqi3nd2H9JslCQOlfwIsg.JPEG.fly_jam%2FIMG_1568.JPG%2F900x675&type=f318_194_domesearch
"새해 여행, 공모전 수상작 따라가는 신년 여행 :: 삼척 나릿골마을, 부안 변산 해수욕장, 제주 쇠소깍, 장흥 선학동 마을, 겨울여행, 여름여행, 가을여행, 봄여행",https://blog.naver.com/korea_diary/222986987254,https://search.pstatic.net/common?src=http%3A%2F%2Fblogfiles.naver.net%2F%2FMjAyMzAxMTZfMTY5%2FMDAxNjczODMzMjE5NjAx.k4NmsONsVNmLapy5IfHTpJzsljs8B4mo7P1alGThk30g.a_IRlT85kGtaVVq1iyb0TtgRTGGCvjq4rGHOAzmkH-sg.JPEG.korea_diary%2F3820151202200058k_Byeonsan_Beach.jpg%2F1487x837&type=f318_194_domesearch
제주 윈드1947 카트 레이싱 4K,https://tv.naver.com/v/32391999,https://search.pstatic.net/common?src=https%3A%2F%2Fphinf.pstatic.net%2Ftvcast%2F20230115_276%2FvflWA_1673762183235d7ITJ_PNG%2F1673761915470.PNG&type=f318_194_domesearch
자연 본연의 모습 그대로를 간직한 <무릉곶자왈>,https://blog.naver.com/happyjejudo/222983404875,https://search.pstatic.net/common?src=http%3A%2F%2Fblogfiles.naver.net%2FMjAyMzAxMTNfNDYg%2FMDAxNjczNTg0NjAxNjQy.tQLH0MQHQTX2yGQ5WzCCG0A7sVaSCSCCmhX1w5jTvJEg.Rp_1I1qqkO08cbk8EDP1d6sGhqpI640f5VBFUDqEwIIg.JPEG.happyjejudo%2FIMG_1464.JPG%2F5472x3648&type=f318_194_domesearch
제주 아이체험 [거린사슴전망대 1100고지 섭지코지] 제주 별보기,https://blog.naver.com/jtowelcome/222974610447,https://search.pstatic.net/common?src=http%3A%2F%2Fblogfiles.naver.net%2FMjAyMzAxMDRfNzcg%2FMDAxNjcyODA0MzAzNDE5.rTgRoyD0X0fUqDrttb7bNNKUdJS7stLdUZ0xZnBvt7Mg.HNyw0CkMSvccTjJtArJZd4hBOy4miWV0W-pcyyiRPEwg.JPEG.jtowelcome%2F03._1100%E6%80%A8%EC%A2%8E%EF%BF%BD2.JPG%2F6000x4000&type=f318_194_domesearch
우도바닷가펜션 전객실 바다뷰 일몰도 보고 별도 볼 수 있지요,https://tv.naver.com/v/32349755,https://search.pstatic.net/common?src=https%3A%2F%2Fphinf.pstatic.net%2Ftvcast%2F20230113_276%2FYnG3f_16735844697664OQor_JPEG%2F1673583861246.jpg&type=f318_194_domesearch
제주도 선녀와 나무꾼 옛날로 떠나는 제주 여행코스,https://in.naver.com/ysr3789/contents/internal/521268829078784,https://search.pstatic.net/common?src=https%3A%2F%2Fmblogthumb-phinf.pstatic.net%2FMjAyMzAxMTBfMjMw%2FMDAxNjczMzA4MTg5OTU4.sPqEbPlxKFnsVx4ggdjtr28AX2F9xWqOvhAHtd4YrMQg.v7OhrP99OJSEaSm9eBgZM9FpepFP0DIKgit-NFDbHFwg.JPEG.ysr3789%2F1673306390080.jpg%3Ftype%3Dw800&type=f318_194_domesearch
코코몽에코파크 제주 아이들과 함께 즐겁게 놀다올 수 있는 곳이예요,https://tv.naver.com/v/32301982,https://search.pstatic.net/common?src=https%3A%2F%2Fphinf.pstatic.net%2Ftvcast%2F20230111_51%2FYqw7r_1673429580871o77xU_JPEG%2F1673429543414.jpg&type=f318_194_domesearch
제주 안도르카페 송당무끈모루 포토존으로 함께 유명한 곳,https://tv.naver.com/v/32301854,https://search.pstatic.net/common?src=https%3A%2F%2Fphinf.pstatic.net%2Ftvcast%2F20230111_278%2FZxceg_1673429287819RiTsM_JPEG%2F1673429275625.jpg&type=f318_194_domesearch
